samples,CAL,PHY,CHL,CLU,CRV,OXY,IRO,NIT,RAD,PH,PHO,PRO,SAL,SIL,TMAX,TMIN,TAV,TRA
ACNL01,0.00022,3.569228888,0.700340986,0.791999996,0.120824262,332.9484863,0.004408,1.603932023,32.7159996,8.175999641,0.364266008,0.00862,31.58003807,4.193987846,14.30812454,-0.833063006,5.610392094,17.3035717
ACNL02,0.00022,3.569228888,0.700340986,0.791999996,0.120824262,332.9484863,0.004408,1.603932023,32.7159996,8.175999641,0.364266008,0.00862,31.58003807,4.193987846,14.30812454,-0.833063006,5.610392094,17.3035717
BFME01,0.003165,5.165061951,0.997555971,0.676999986,0.049257405,294.6397705,0.002822,0.771079004,33.49200058,8.001999855,0.134129003,0.020352,31.14186096,8.660005569,15.25176525,2.550426006,9.061597824,14.80723572
BFME03,0.003165,5.165061951,0.997555971,0.676999986,0.049257405,294.6397705,0.002822,0.771079004,33.49200058,8.001999855,0.134129003,0.020352,31.14186096,8.660005569,15.25176525,2.550426006,9.061597824,14.80723572
BFME04,0.003165,5.165061951,0.997555971,0.676999986,0.049257405,294.6397705,0.002822,0.771079004,33.49200058,8.001999855,0.134129003,0.020352,31.14186096,8.660005569,15.25176525,2.550426006,9.061597824,14.80723572
BFME05,0.003165,5.165061951,0.997555971,0.676999986,0.049257405,294.6397705,0.002822,0.771079004,33.49200058,8.001999855,0.134129003,0.020352,31.14186096,8.660005569,15.25176525,2.550426006,9.061597824,14.80723572
BRMA01,0.002615,4.10699892,0.768058002,0.572000027,0.122129567,281.8773804,0.002028,0.465092003,32.59000015,8.090999603,0.186858997,0.015043,31.4803257,4.477550983,19.90999413,3.402493954,11.42976665,18.04000092
BRMA02,0.002615,4.10699892,0.768058002,0.572000027,0.122129567,281.8773804,0.002028,0.465092003,32.59000015,8.090999603,0.186858997,0.015043,31.4803257,4.477550983,19.90999413,3.402493954,11.42976665,18.04000092
BRMA03,0.002615,4.10699892,0.768058002,0.572000027,0.122129567,281.8773804,0.002028,0.465092003,32.59000015,8.090999603,0.186858997,0.015043,31.4803257,4.477550983,19.90999413,3.402493954,11.42976665,18.04000092
BRMA04,0.002615,4.10699892,0.768058002,0.572000027,0.122129567,281.8773804,0.002028,0.465092003,32.59000015,8.090999603,0.186858997,0.015043,31.4803257,4.477550983,19.90999413,3.402493954,11.42976665,18.04000092
BRMA05,0.002615,4.10699892,0.768058002,0.572000027,0.122129567,281.8773804,0.002028,0.465092003,32.59000015,8.090999603,0.186858997,0.015043,31.4803257,4.477550983,19.90999413,3.402493954,11.42976665,18.04000092
BRMA06,0.002615,4.10699892,0.768058002,0.572000027,0.122129567,281.8773804,0.002028,0.465092003,32.59000015,8.090999603,0.186858997,0.015043,31.4803257,4.477550983,19.90999413,3.402493954,11.42976665,18.04000092
BRMA07,0.002615,4.10699892,0.768058002,0.572000027,0.122129567,281.8773804,0.002028,0.465092003,32.59000015,8.090999603,0.186858997,0.015043,31.4803257,4.477550983,19.90999413,3.402493954,11.42976665,18.04000092
BRMA08,0.002615,4.10699892,0.768058002,0.572000027,0.122129567,281.8773804,0.002028,0.465092003,32.59000015,8.090999603,0.186858997,0.015043,31.4803257,4.477550983,19.90999413,3.402493954,11.42976665,18.04000092
BRMA09,0.002615,4.10699892,0.768058002,0.572000027,0.122129567,281.8773804,0.002028,0.465092003,32.59000015,8.090999603,0.186858997,0.015043,31.4803257,4.477550983,19.90999413,3.402493954,11.42976665,18.04000092
CCMA01,0.002206,2.229279995,0.393420011,0.600000024,0.130326286,276.4649963,0.00228,0.118230999,31.54299927,8.116999626,0.167564005,0.004882,31.75917816,4.515264034,20.20330811,3.922331095,11.63705826,18.5432415
CCMA03,0.002206,2.229279995,0.393420011,0.600000024,0.130326286,276.4649963,0.00228,0.118230999,31.54299927,8.116999626,0.167564005,0.004882,31.75917816,4.515264034,20.20330811,3.922331095,11.63705826,18.5432415
CCMA06,0.002206,2.229279995,0.393420011,0.600000024,0.130326286,276.4649963,0.00228,0.118230999,31.54299927,8.116999626,0.167564005,0.004882,31.75917816,4.515264034,20.20330811,3.922331095,11.63705826,18.5432415
CCMA07,0.002206,2.229279995,0.393420011,0.600000024,0.130326286,276.4649963,0.00228,0.118230999,31.54299927,8.116999626,0.167564005,0.004882,31.75917816,4.515264034,20.20330811,3.922331095,11.63705826,18.5432415
CCMA08,0.002206,2.229279995,0.393420011,0.600000024,0.130326286,276.4649963,0.00228,0.118230999,31.54299927,8.116999626,0.167564005,0.004882,31.75917816,4.515264034,20.20330811,3.922331095,11.63705826,18.5432415
CCMA09,0.002206,2.229279995,0.393420011,0.600000024,0.130326286,276.4649963,0.00228,0.118230999,31.54299927,8.116999626,0.167564005,0.004882,31.75917816,4.515264034,20.20330811,3.922331095,11.63705826,18.5432415
CCMA10,0.002206,2.229279995,0.393420011,0.600000024,0.130326286,276.4649963,0.00228,0.118230999,31.54299927,8.116999626,0.167564005,0.004882,31.75917816,4.515264034,20.20330811,3.922331095,11.63705826,18.5432415
CHSC01,0.014359,1.984393001,0.346372008,0.501999974,0.15387626,220.8226471,0.00366,0.948912024,37.44200134,8.286000252,0.001681,0.016609,35.75406265,7.599440098,28.30760574,16.61013222,22.43540192,13.82977104
CHSC02,0.014359,1.984393001,0.346372008,0.501999974,0.15387626,220.8226471,0.00366,0.948912024,37.44200134,8.286000252,0.001681,0.016609,35.75406265,7.599440098,28.30760574,16.61013222,22.43540192,13.82977104
CHSC03,0.014359,1.984393001,0.346372008,0.501999974,0.15387626,220.8226471,0.00366,0.948912024,37.44200134,8.286000252,0.001681,0.016609,35.75406265,7.599440098,28.30760574,16.61013222,22.43540192,13.82977104
CHSC04,0.014359,1.984393001,0.346372008,0.501999974,0.15387626,220.8226471,0.00366,0.948912024,37.44200134,8.286000252,0.001681,0.016609,35.75406265,7.599440098,28.30760574,16.61013222,22.43540192,13.82977104
DRNO01,0.004027,4.611378193,0.985884011,0.726000011,0.069184266,300.8403931,0.003752,1.731966019,31.88899994,8.305999756,0.076747,0.020644,28.1880703,20.10156441,18.18874359,1.31249404,9.7143116,20.96999931
DRNO02,0.004027,4.611378193,0.985884011,0.726000011,0.069184266,300.8403931,0.003752,1.731966019,31.88899994,8.305999756,0.076747,0.020644,28.1880703,20.10156441,18.18874359,1.31249404,9.7143116,20.96999931
DRNO03,0.004027,4.611378193,0.985884011,0.726000011,0.069184266,300.8403931,0.003752,1.731966019,31.88899994,8.305999756,0.076747,0.020644,28.1880703,20.10156441,18.18874359,1.31249404,9.7143116,20.96999931
EDUK01,0.002421,4.895431042,1.116539955,0.75,0.115731873,281.8834839,0.001667,1.526165962,29.19300079,8.211999893,0.141037002,0.021664999,33.61580276,4.19909811,14.20061684,5.748920918,9.994245529,10.28578377
EDUK02,0.002421,4.895431042,1.116539955,0.75,0.115731873,281.8834839,0.001667,1.526165962,29.19300079,8.211999893,0.141037002,0.021664999,33.61580276,4.19909811,14.20061684,5.748920918,9.994245529,10.28578377
EDUK03,0.002421,4.895431042,1.116539955,0.75,0.115731873,281.8834839,0.001667,1.526165962,29.19300079,8.211999893,0.141037002,0.021664999,33.61580276,4.19909811,14.20061684,5.748920918,9.994245529,10.28578377
EPME01,0.004259,5.82562685,1.280385971,0.653999984,0.052892711,298.0416565,0.00195,1.583848,32.0909996,8.006999969,0.167026997,0.022549,30.20507813,7.618595123,13.75630665,2.923063993,8.456971169,13.02711487
EPME02,0.004259,5.82562685,1.280385971,0.653999984,0.052892711,298.0416565,0.00195,1.583848,32.0909996,8.006999969,0.167026997,0.022549,30.20507813,7.618595123,13.75630665,2.923063993,8.456971169,13.02711487
FCMA01,0.001132,4.431182861,0.841664016,0.583000004,0.14633593,285.1360779,0.001948,0.606606007,32.2879982,8.07199955,0.165790007,0.018989,31.51284218,4.965181828,19.28233528,3.914318085,11.18730164,17.30789948
FCMA02,0.001132,4.431182861,0.841664016,0.583000004,0.14633593,285.1360779,0.001948,0.606606007,32.2879982,8.07199955,0.165790007,0.018989,31.51284218,4.965181828,19.28233528,3.914318085,11.18730164,17.30789948
FCMA03,0.001132,4.431182861,0.841664016,0.583000004,0.14633593,285.1360779,0.001948,0.606606007,32.2879982,8.07199955,0.165790007,0.018989,31.51284218,4.965181828,19.28233528,3.914318085,11.18730164,17.30789948
FCMA04,0.001132,4.431182861,0.841664016,0.583000004,0.14633593,285.1360779,0.001948,0.606606007,32.2879982,8.07199955,0.165790007,0.018989,31.51284218,4.965181828,19.28233528,3.914318085,11.18730164,17.30789948
FCMA05,0.001132,4.431182861,0.841664016,0.583000004,0.14633593,285.1360779,0.001948,0.606606007,32.2879982,8.07199955,0.165790007,0.018989,31.51284218,4.965181828,19.28233528,3.914318085,11.18730164,17.30789948
FCMA06,0.001132,4.431182861,0.841664016,0.583000004,0.14633593,285.1360779,0.001948,0.606606007,32.2879982,8.07199955,0.165790007,0.018989,31.51284218,4.965181828,19.28233528,3.914318085,11.18730164,17.30789948
FCMA08,0.001132,4.431182861,0.841664016,0.583000004,0.14633593,285.1360779,0.001948,0.606606007,32.2879982,8.07199955,0.165790007,0.018989,31.51284218,4.965181828,19.28233528,3.914318085,11.18730164,17.30789948
FCMA09,0.001132,4.431182861,0.841664016,0.583000004,0.14633593,285.1360779,0.001948,0.606606007,32.2879982,8.07199955,0.165790007,0.018989,31.51284218,4.965181828,19.28233528,3.914318085,11.18730164,17.30789948
GLMA01,0.001345,4.423995018,0.841368973,0.573000014,0.169033587,284.8468628,0.001953,0.571428001,32.22399902,8.074999809,0.166140005,0.018284,31.50814056,4.906208992,19.29374313,3.826244116,11.19828892,17.24999809
GLMA02,0.001345,4.423995018,0.841368973,0.573000014,0.169033587,284.8468628,0.001953,0.571428001,32.22399902,8.074999809,0.166140005,0.018284,31.50814056,4.906208992,19.29374313,3.826244116,11.19828892,17.24999809
GLMA03,0.001345,4.423995018,0.841368973,0.573000014,0.169033587,284.8468628,0.001953,0.571428001,32.22399902,8.074999809,0.166140005,0.018284,31.50814056,4.906208992,19.29374313,3.826244116,11.19828892,17.24999809
HFNS01,0.00406,2.689240932,0.471911997,0.74000001,0.11248783,309.9382935,0.00196,0.333725989,31.30200005,7.954999924,0.279296994,0.006282,30.36766243,3.690630913,17.49720955,0.792252004,8.736068726,19.01530075
HFNS02,0.00406,2.689240932,0.471911997,0.74000001,0.11248783,309.9382935,0.00196,0.333725989,31.30200005,7.954999924,0.279296994,0.006282,30.36766243,3.690630913,17.49720955,0.792252004,8.736068726,19.01530075
HFNS03,0.00406,2.689240932,0.471911997,0.74000001,0.11248783,309.9382935,0.00196,0.333725989,31.30200005,7.954999924,0.279296994,0.006282,30.36766243,3.690630913,17.49720955,0.792252004,8.736068726,19.01530075
HFNS04,0.00406,2.689240932,0.471911997,0.74000001,0.11248783,309.9382935,0.00196,0.333725989,31.30200005,7.954999924,0.279296994,0.006282,30.36766243,3.690630913,17.49720955,0.792252004,8.736068726,19.01530075
HFNS05,0.00406,2.689240932,0.471911997,0.74000001,0.11248783,309.9382935,0.00196,0.333725989,31.30200005,7.954999924,0.279296994,0.006282,30.36766243,3.690630913,17.49720955,0.792252004,8.736068726,19.01530075
HFNS06,0.00406,2.689240932,0.471911997,0.74000001,0.11248783,309.9382935,0.00196,0.333725989,31.30200005,7.954999924,0.279296994,0.006282,30.36766243,3.690630913,17.49720955,0.792252004,8.736068726,19.01530075
HFNS07,0.00406,2.689240932,0.471911997,0.74000001,0.11248783,309.9382935,0.00196,0.333725989,31.30200005,7.954999924,0.279296994,0.006282,30.36766243,3.690630913,17.49720955,0.792252004,8.736068726,19.01530075
HFNS08,0.00406,2.689240932,0.471911997,0.74000001,0.11248783,309.9382935,0.00196,0.333725989,31.30200005,7.954999924,0.279296994,0.006282,30.36766243,3.690630913,17.49720955,0.792252004,8.736068726,19.01530075
HFNS09,0.00406,2.689240932,0.471911997,0.74000001,0.11248783,309.9382935,0.00196,0.333725989,31.30200005,7.954999924,0.279296994,0.006282,30.36766243,3.690630913,17.49720955,0.792252004,8.736068726,19.01530075
HFNS12,0.00406,2.689240932,0.471911997,0.74000001,0.11248783,309.9382935,0.00196,0.333725989,31.30200005,7.954999924,0.279296994,0.006282,30.36766243,3.690630913,17.49720955,0.792252004,8.736068726,19.01530075
HFNS13,0.00406,2.689240932,0.471911997,0.74000001,0.11248783,309.9382935,0.00196,0.333725989,31.30200005,7.954999924,0.279296994,0.006282,30.36766243,3.690630913,17.49720955,0.792252004,8.736068726,19.01530075
HFNS15,0.00406,2.689240932,0.471911997,0.74000001,0.11248783,309.9382935,0.00196,0.333725989,31.30200005,7.954999924,0.279296994,0.006282,30.36766243,3.690630913,17.49720955,0.792252004,8.736068726,19.01530075
HHND01,0.018763,7.811254025,1.854184031,0.745999992,0.162040532,280.4638367,0.005743,9.625038147,32.80199814,8.206999779,0.110597,0.042206999,30.28783226,2.611901999,18.8416214,5.148396015,12.08309269,15.50309181
HPME01,0.003931,5.207265854,1.014425993,0.620999992,0.113018818,294.5968018,0.002701,0.833698988,33.23699951,8.029000282,0.138508007,0.021256,31.1613102,8.671852112,14.56714439,2.92386508,8.881358147,13.86592007
HPME02,0.003931,5.207265854,1.014425993,0.620999992,0.113018818,294.5968018,0.002701,0.833698988,33.23699951,8.029000282,0.138508007,0.021256,31.1613102,8.671852112,14.56714439,2.92386508,8.881358147,13.86592007
HPME03,0.003931,5.207265854,1.014425993,0.620999992,0.113018818,294.5968018,0.002701,0.833698988,33.23699951,8.029000282,0.138508007,0.021256,31.1613102,8.671852112,14.56714439,2.92386508,8.881358147,13.86592007
HPME04,0.003931,5.207265854,1.014425993,0.620999992,0.113018818,294.5968018,0.002701,0.833698988,33.23699951,8.029000282,0.138508007,0.021256,31.1613102,8.671852112,14.56714439,2.92386508,8.881358147,13.86592007
HPME05,0.003931,5.207265854,1.014425993,0.620999992,0.113018818,294.5968018,0.002701,0.833698988,33.23699951,8.029000282,0.138508007,0.021256,31.1613102,8.671852112,14.56714439,2.92386508,8.881358147,13.86592007
HPME06,0.003931,5.207265854,1.014425993,0.620999992,0.113018818,294.5968018,0.002701,0.833698988,33.23699951,8.029000282,0.138508007,0.021256,31.1613102,8.671852112,14.56714439,2.92386508,8.881358147,13.86592007
"ISL01,",0.004146,4.236032009,1.071598053,0.819999993,0.083960153,297.5662842,0.001248,4.313511848,26.81500053,8.178999901,0.366793007,0.019336,34.88025665,3.329798937,11.92326832,3.254132032,7.188625813,11.5345211
"ISL02,",0.004146,4.236032009,1.071598053,0.819999993,0.083960153,297.5662842,0.001248,4.313511848,26.81500053,8.178999901,0.366793007,0.019336,34.88025665,3.329798937,11.92326832,3.254132032,7.188625813,11.5345211
"ISL03,",0.004146,4.236032009,1.071598053,0.819999993,0.083960153,297.5662842,0.001248,4.313511848,26.81500053,8.178999901,0.366793007,0.019336,34.88025665,3.329798937,11.92326832,3.254132032,7.188625813,11.5345211
"ISL04,",0.004146,4.236032009,1.071598053,0.819999993,0.083960153,297.5662842,0.001248,4.313511848,26.81500053,8.178999901,0.366793007,0.019336,34.88025665,3.329798937,11.92326832,3.254132032,7.188625813,11.5345211
"ISL07,",0.004146,4.236032009,1.071598053,0.819999993,0.083960153,297.5662842,0.001248,4.313511848,26.81500053,8.178999901,0.366793007,0.019336,34.88025665,3.329798937,11.92326832,3.254132032,7.188625813,11.5345211
"ISL11,",0.004146,4.236032009,1.071598053,0.819999993,0.083960153,297.5662842,0.001248,4.313511848,26.81500053,8.178999901,0.366793007,0.019336,34.88025665,3.329798937,11.92326832,3.254132032,7.188625813,11.5345211
"ISL14,",0.004146,4.236032009,1.071598053,0.819999993,0.083960153,297.5662842,0.001248,4.313511848,26.81500053,8.178999901,0.366793007,0.019336,34.88025665,3.329798937,11.92326832,3.254132032,7.188625813,11.5345211
"ISL15,",0.004146,4.236032009,1.071598053,0.819999993,0.083960153,297.5662842,0.001248,4.313511848,26.81500053,8.178999901,0.366793007,0.019336,34.88025665,3.329798937,11.92326832,3.254132032,7.188625813,11.5345211
"ISL25,",0.004146,4.236032009,1.071598053,0.819999993,0.083960153,297.5662842,0.001248,4.313511848,26.81500053,8.178999901,0.366793007,0.019336,34.88025665,3.329798937,11.92326832,3.254132032,7.188625813,11.5345211
"ISL27,",0.004146,4.236032009,1.071598053,0.819999993,0.083960153,297.5662842,0.001248,4.313511848,26.81500053,8.178999901,0.366793007,0.019336,34.88025665,3.329798937,11.92326832,3.254132032,7.188625813,11.5345211
"ISL29,",0.004146,4.236032009,1.071598053,0.819999993,0.083960153,297.5662842,0.001248,4.313511848,26.81500053,8.178999901,0.366793007,0.019336,34.88025665,3.329798937,11.92326832,3.254132032,7.188625813,11.5345211
KBME01,0.003178,3.814318895,0.725803018,0.624000013,0.163324147,287.4197388,0.001967,0.479853988,31.85000038,8.052000046,0.153586,0.012969,31.31514931,5.244700909,18.51065063,3.701957941,10.71279716,17.16040611
KBME02,0.003178,3.814318895,0.725803018,0.624000013,0.163324147,287.4197388,0.001967,0.479853988,31.85000038,8.052000046,0.153586,0.012969,31.31514931,5.244700909,18.51065063,3.701957941,10.71279716,17.16040611
LBME02,0.004259,5.82562685,1.280385971,0.653999984,0.052892711,298.0416565,0.00195,1.583848,32.0909996,8.006999969,0.167026997,0.022549,30.20507813,7.618595123,13.75630665,2.923063993,8.456971169,13.02711487
"LEC01,",0.01318,6.957752228,1.661932945,0.603999972,0.156337827,265.2568665,0.002816,5.748033047,31.54599953,8.133999825,0.079351,0.041182999,32.94656754,6.273835182,18.58816338,8.606327057,13.9093399,11.69998264
"LEC02,",0.01318,6.957752228,1.661932945,0.603999972,0.156337827,265.2568665,0.002816,5.748033047,31.54599953,8.133999825,0.079351,0.041182999,32.94656754,6.273835182,18.58816338,8.606327057,13.9093399,11.69998264
"LEC05,",0.01318,6.957752228,1.661932945,0.603999972,0.156337827,265.2568665,0.002816,5.748033047,31.54599953,8.133999825,0.079351,0.041182999,32.94656754,6.273835182,18.58816338,8.606327057,13.9093399,11.69998264
"LEC07,",0.01318,6.957752228,1.661932945,0.603999972,0.156337827,265.2568665,0.002816,5.748033047,31.54599953,8.133999825,0.079351,0.041182999,32.94656754,6.273835182,18.58816338,8.606327057,13.9093399,11.69998264
"LEC08,",0.01318,6.957752228,1.661932945,0.603999972,0.156337827,265.2568665,0.002816,5.748033047,31.54599953,8.133999825,0.079351,0.041182999,32.94656754,6.273835182,18.58816338,8.606327057,13.9093399,11.69998264
"LEC09,",0.01318,6.957752228,1.661932945,0.603999972,0.156337827,265.2568665,0.002816,5.748033047,31.54599953,8.133999825,0.079351,0.041182999,32.94656754,6.273835182,18.58816338,8.606327057,13.9093399,11.69998264
"LEC10,",0.01318,6.957752228,1.661932945,0.603999972,0.156337827,265.2568665,0.002816,5.748033047,31.54599953,8.133999825,0.079351,0.041182999,32.94656754,6.273835182,18.58816338,8.606327057,13.9093399,11.69998264
MLNL01,0.000143,3.485058069,0.687388003,0.774999976,0.160492525,333.1808777,0.00253,1.641355991,32.02899933,8.182999611,0.369143993,0.008209,31.61639977,4.041460991,14.11444378,-0.822723985,5.499112129,17.1277523
MLNL02,0.000143,3.485058069,0.687388003,0.774999976,0.160492525,333.1808777,0.00253,1.641355991,32.02899933,8.182999611,0.369143993,0.008209,31.61639977,4.041460991,14.11444378,-0.822723985,5.499112129,17.1277523
MRMA01,0.012055,4.209859848,0.785754025,0.569999993,0.117199481,282.0648193,0.002092,0.476713002,33.43999863,8.029999733,0.187092006,0.015482,31.47935295,4.505937099,19.86790085,3.438003063,11.41660881,18.04904175
NAMA15,0.003314,5.147381783,0.982403994,0.628000021,0.10959249,284.852478,0.002231,0.651340008,31.52599907,8.076000214,0.173888996,0.021619,31.45973015,4.911673069,19.51089287,3.561862946,11.26528931,17.54979706
NAMA16,0.003314,5.147381783,0.982403994,0.628000021,0.10959249,284.852478,0.002231,0.651340008,31.52599907,8.076000214,0.173888996,0.021619,31.45973015,4.911673069,19.51089287,3.561862946,11.26528931,17.54979706
NAMA17,0.003314,5.147381783,0.982403994,0.628000021,0.10959249,284.852478,0.002231,0.651340008,31.52599907,8.076000214,0.173888996,0.021619,31.45973015,4.911673069,19.51089287,3.561862946,11.26528931,17.54979706
NAMA18,0.003314,5.147381783,0.982403994,0.628000021,0.10959249,284.852478,0.002231,0.651340008,31.52599907,8.076000214,0.173888996,0.021619,31.45973015,4.911673069,19.51089287,3.561862946,11.26528931,17.54979706
NAMA19,0.003314,5.147381783,0.982403994,0.628000021,0.10959249,284.852478,0.002231,0.651340008,31.52599907,8.076000214,0.173888996,0.021619,31.45973015,4.911673069,19.51089287,3.561862946,11.26528931,17.54979706
NAMA20,0.003314,5.147381783,0.982403994,0.628000021,0.10959249,284.852478,0.002231,0.651340008,31.52599907,8.076000214,0.173888996,0.021619,31.45973015,4.911673069,19.51089287,3.561862946,11.26528931,17.54979706
NAMA21,0.003314,5.147381783,0.982403994,0.628000021,0.10959249,284.852478,0.002231,0.651340008,31.52599907,8.076000214,0.173888996,0.021619,31.45973015,4.911673069,19.51089287,3.561862946,11.26528931,17.54979706
NAMA22,0.003314,5.147381783,0.982403994,0.628000021,0.10959249,284.852478,0.002231,0.651340008,31.52599907,8.076000214,0.173888996,0.021619,31.45973015,4.911673069,19.51089287,3.561862946,11.26528931,17.54979706
NAMA23,0.003314,5.147381783,0.982403994,0.628000021,0.10959249,284.852478,0.002231,0.651340008,31.52599907,8.076000214,0.173888996,0.021619,31.45973015,4.911673069,19.51089287,3.561862946,11.26528931,17.54979706
NAMA24,0.003314,5.147381783,0.982403994,0.628000021,0.10959249,284.852478,0.002231,0.651340008,31.52599907,8.076000214,0.173888996,0.021619,31.45973015,4.911673069,19.51089287,3.561862946,11.26528931,17.54979706
NCNL01,0.00018,3.567635059,0.701323986,0.799000025,0.114258416,333.091095,0.00483,1.621006966,31.67499924,8.177000046,0.365085006,0.008622,31.57134819,4.254175186,14.32071114,-0.892448008,5.560813904,17.33249664
NCNL02,0.00018,3.567635059,0.701323986,0.799000025,0.114258416,333.091095,0.00483,1.621006966,31.67499924,8.177000046,0.365085006,0.008622,31.57134819,4.254175186,14.32071114,-0.892448008,5.560813904,17.33249664
"NH08,,",0.002702,4.179775238,0.777453005,0.603999972,0.162571341,286.1459351,0.001963,0.509546995,31.86800003,8.06000042,0.154468,0.016194999,31.47868347,5.04238081,18.89547348,3.805311918,10.93813133,17.28551483
"NH09,,",0.002702,4.179775238,0.777453005,0.603999972,0.162571341,286.1459351,0.001963,0.509546995,31.86800003,8.06000042,0.154468,0.016194999,31.47868347,5.04238081,18.89547348,3.805311918,10.93813133,17.28551483
"NH11,,",0.002702,4.179775238,0.777453005,0.603999972,0.162571341,286.1459351,0.001963,0.509546995,31.86800003,8.06000042,0.154468,0.016194999,31.47868347,5.04238081,18.89547348,3.805311918,10.93813133,17.28551483
"NH12,,",0.002702,4.179775238,0.777453005,0.603999972,0.162571341,286.1459351,0.001963,0.509546995,31.86800003,8.06000042,0.154468,0.016194999,31.47868347,5.04238081,18.89547348,3.805311918,10.93813133,17.28551483
"NH13,,",0.002702,4.179775238,0.777453005,0.603999972,0.162571341,286.1459351,0.001963,0.509546995,31.86800003,8.06000042,0.154468,0.016194999,31.47868347,5.04238081,18.89547348,3.805311918,10.93813133,17.28551483
"NH15,,",0.002702,4.179775238,0.777453005,0.603999972,0.162571341,286.1459351,0.001963,0.509546995,31.86800003,8.06000042,0.154468,0.016194999,31.47868347,5.04238081,18.89547348,3.805311918,10.93813133,17.28551483
NMNL01,0.000187,3.685408115,0.713844001,0.791000009,0.123041242,331.7945862,0.002323,1.433873057,29.94799995,8.17800045,0.354853988,0.009073,31.65843773,3.922113895,14.22371101,-0.535712004,5.868000984,17.17784691
NMNL02,0.000187,3.685408115,0.713844001,0.791000009,0.123041242,331.7945862,0.002323,1.433873057,29.94799995,8.17800045,0.354853988,0.009073,31.65843773,3.922113895,14.22371101,-0.535712004,5.868000984,17.17784691
OHME01,0.002311,4.82839489,0.928952992,0.640999973,0.045412019,294.2208862,0.002912,0.659973025,33.42399979,7.993000031,0.142437994,0.018089,31.23234558,7.866690159,15.65692902,2.644345045,9.248000145,15.21249771
OHME02,0.002311,4.82839489,0.928952992,0.640999973,0.045412019,294.2208862,0.002912,0.659973025,33.42399979,7.993000031,0.142437994,0.018089,31.23234558,7.866690159,15.65692902,2.644345045,9.248000145,15.21249771
OHME03,0.002311,4.82839489,0.928952992,0.640999973,0.045412019,294.2208862,0.002912,0.659973025,33.42399979,7.993000031,0.142437994,0.018089,31.23234558,7.866690159,15.65692902,2.644345045,9.248000145,15.21249771
OHME04,0.002311,4.82839489,0.928952992,0.640999973,0.045412019,294.2208862,0.002912,0.659973025,33.42399979,7.993000031,0.142437994,0.018089,31.23234558,7.866690159,15.65692902,2.644345045,9.248000145,15.21249771
OHME05,0.002311,4.82839489,0.928952992,0.640999973,0.045412019,294.2208862,0.002912,0.659973025,33.42399979,7.993000031,0.142437994,0.018089,31.23234558,7.866690159,15.65692902,2.644345045,9.248000145,15.21249771
OHME06,0.002311,4.82839489,0.928952992,0.640999973,0.045412019,294.2208862,0.002912,0.659973025,33.42399979,7.993000031,0.142437994,0.018089,31.23234558,7.866690159,15.65692902,2.644345045,9.248000145,15.21249771
OHME07,0.002311,4.82839489,0.928952992,0.640999973,0.045412019,294.2208862,0.002912,0.659973025,33.42399979,7.993000031,0.142437994,0.018089,31.23234558,7.866690159,15.65692902,2.644345045,9.248000145,15.21249771
OHME08,0.002311,4.82839489,0.928952992,0.640999973,0.045412019,294.2208862,0.002912,0.659973025,33.42399979,7.993000031,0.142437994,0.018089,31.23234558,7.866690159,15.65692902,2.644345045,9.248000145,15.21249771
OHME09,0.002311,4.82839489,0.928952992,0.640999973,0.045412019,294.2208862,0.002912,0.659973025,33.42399979,7.993000031,0.142437994,0.018089,31.23234558,7.866690159,15.65692902,2.644345045,9.248000145,15.21249771
OHME10,0.002311,4.82839489,0.928952992,0.640999973,0.045412019,294.2208862,0.002912,0.659973025,33.42399979,7.993000031,0.142437994,0.018089,31.23234558,7.866690159,15.65692902,2.644345045,9.248000145,15.21249771
PBNY01,0.003655,3.349261999,0.622895002,0.541000009,0.087884359,269.7875061,0.002568,1.998775005,33.02000046,8.024000168,0.084347002,0.011889,30.92376709,10.600667,22.56244087,3.668829918,13.13729668,21.14197159
PBNY03,0.003655,3.349261999,0.622895002,0.541000009,0.087884359,269.7875061,0.002568,1.998775005,33.02000046,8.024000168,0.084347002,0.011889,30.92376709,10.600667,22.56244087,3.668829918,13.13729668,21.14197159
PBNY08,0.003655,3.349261999,0.622895002,0.541000009,0.087884359,269.7875061,0.002568,1.998775005,33.02000046,8.024000168,0.084347002,0.011889,30.92376709,10.600667,22.56244087,3.668829918,13.13729668,21.14197159
PBNY11,0.003655,3.349261999,0.622895002,0.541000009,0.087884359,269.7875061,0.002568,1.998775005,33.02000046,8.024000168,0.084347002,0.011889,30.92376709,10.600667,22.56244087,3.668829918,13.13729668,21.14197159
"PEI01,",0.015545,2.589153051,0.459147006,0.736000001,0.069818363,314.4957581,0.003372,0.532081008,37.60699844,7.860000134,0.160849005,0.004973,26.89495468,6.395327091,19.46531105,-1.120810032,8.416995049,22.2428112
"PEI02,",0.015545,2.589153051,0.459147006,0.736000001,0.069818363,314.4957581,0.003372,0.532081008,37.60699844,7.860000134,0.160849005,0.004973,26.89495468,6.395327091,19.46531105,-1.120810032,8.416995049,22.2428112
"PEI06,",0.015545,2.589153051,0.459147006,0.736000001,0.069818363,314.4957581,0.003372,0.532081008,37.60699844,7.860000134,0.160849005,0.004973,26.89495468,6.395327091,19.46531105,-1.120810032,8.416995049,22.2428112
"PEI08,",0.015545,2.589153051,0.459147006,0.736000001,0.069818363,314.4957581,0.003372,0.532081008,37.60699844,7.860000134,0.160849005,0.004973,26.89495468,6.395327091,19.46531105,-1.120810032,8.416995049,22.2428112
"PEI09,",0.015545,2.589153051,0.459147006,0.736000001,0.069818363,314.4957581,0.003372,0.532081008,37.60699844,7.860000134,0.160849005,0.004973,26.89495468,6.395327091,19.46531105,-1.120810032,8.416995049,22.2428112
"PEI10,",0.015545,2.589153051,0.459147006,0.736000001,0.069818363,314.4957581,0.003372,0.532081008,37.60699844,7.860000134,0.160849005,0.004973,26.89495468,6.395327091,19.46531105,-1.120810032,8.416995049,22.2428112
"PEI12,",0.015545,2.589153051,0.459147006,0.736000001,0.069818363,314.4957581,0.003372,0.532081008,37.60699844,7.860000134,0.160849005,0.004973,26.89495468,6.395327091,19.46531105,-1.120810032,8.416995049,22.2428112
PKNC01,0.004174,2.222445011,0.411825001,0.490999997,0.125606194,224.5191803,0.002352,0.577098012,36.4129982,8.288999557,0.001861,0.015561,35.9084549,6.796405792,27.60783195,15.45783901,21.54006004,15.34912014
PTMA01,0.000912,3.268523932,0.61729902,0.592999995,0.070015289,281.2796326,0.001858,0.245784998,32.99100113,8.133000374,0.182061002,0.009124,31.5578537,4.313769817,20.11873055,3.833189964,11.56430531,18.22537994
PTMA02,0.000912,3.268523932,0.61729902,0.592999995,0.070015289,281.2796326,0.001858,0.245784998,32.99100113,8.133000374,0.182061002,0.009124,31.5578537,4.313769817,20.11873055,3.833189964,11.56430531,18.22537994
PTMA03,0.000912,3.268523932,0.61729902,0.592999995,0.070015289,281.2796326,0.001858,0.245784998,32.99100113,8.133000374,0.182061002,0.009124,31.5578537,4.313769817,20.11873055,3.833189964,11.56430531,18.22537994
PTMA04,0.000912,3.268523932,0.61729902,0.592999995,0.070015289,281.2796326,0.001858,0.245784998,32.99100113,8.133000374,0.182061002,0.009124,31.5578537,4.313769817,20.11873055,3.833189964,11.56430531,18.22537994
PTMA05,0.000912,3.268523932,0.61729902,0.592999995,0.070015289,281.2796326,0.001858,0.245784998,32.99100113,8.133000374,0.182061002,0.009124,31.5578537,4.313769817,20.11873055,3.833189964,11.56430531,18.22537994
PTMA08,0.000912,3.268523932,0.61729902,0.592999995,0.070015289,281.2796326,0.001858,0.245784998,32.99100113,8.133000374,0.182061002,0.009124,31.5578537,4.313769817,20.11873055,3.833189964,11.56430531,18.22537994
RPME01,0.003137,4.995930195,0.961032987,0.644999981,0.044146076,294.4608459,0.002951,0.709084988,33.36500168,7.989999771,0.137520999,0.019192001,31.12833214,8.231607437,15.50087547,2.605221987,9.176363945,15.06371117
RPME02,0.003137,4.995930195,0.961032987,0.644999981,0.044146076,294.4608459,0.002951,0.709084988,33.36500168,7.989999771,0.137520999,0.019192001,31.12833214,8.231607437,15.50087547,2.605221987,9.176363945,15.06371117
RPME03,0.003137,4.995930195,0.961032987,0.644999981,0.044146076,294.4608459,0.002951,0.709084988,33.36500168,7.989999771,0.137520999,0.019192001,31.12833214,8.231607437,15.50087547,2.605221987,9.176363945,15.06371117
RPME04,0.003137,4.995930195,0.961032987,0.644999981,0.044146076,294.4608459,0.002951,0.709084988,33.36500168,7.989999771,0.137520999,0.019192001,31.12833214,8.231607437,15.50087547,2.605221987,9.176363945,15.06371117
RPME05,0.003137,4.995930195,0.961032987,0.644999981,0.044146076,294.4608459,0.002951,0.709084988,33.36500168,7.989999771,0.137520999,0.019192001,31.12833214,8.231607437,15.50087547,2.605221987,9.176363945,15.06371117
RPME06,0.003137,4.995930195,0.961032987,0.644999981,0.044146076,294.4608459,0.002951,0.709084988,33.36500168,7.989999771,0.137520999,0.019192001,31.12833214,8.231607437,15.50087547,2.605221987,9.176363945,15.06371117
RPME07,0.003137,4.995930195,0.961032987,0.644999981,0.044146076,294.4608459,0.002951,0.709084988,33.36500168,7.989999771,0.137520999,0.019192001,31.12833214,8.231607437,15.50087547,2.605221987,9.176363945,15.06371117
RPME08,0.003137,4.995930195,0.961032987,0.644999981,0.044146076,294.4608459,0.002951,0.709084988,33.36500168,7.989999771,0.137520999,0.019192001,31.12833214,8.231607437,15.50087547,2.605221987,9.176363945,15.06371117
"SCH02,",0.018346,8.443802834,2.024152994,0.740999997,0.12988174,281.874176,0.00588,12.36632347,32.38600159,8.210000038,0.119980998,0.048206002,30.4776783,2.520944118,18.78166389,5.131252766,12.05560398,15.45529461
"SCH04,",0.018346,8.443802834,2.024152994,0.740999997,0.12988174,281.874176,0.00588,12.36632347,32.38600159,8.210000038,0.119980998,0.048206002,30.4776783,2.520944118,18.78166389,5.131252766,12.05560398,15.45529461
"SCH05,",0.018346,8.443802834,2.024152994,0.740999997,0.12988174,281.874176,0.00588,12.36632347,32.38600159,8.210000038,0.119980998,0.048206002,30.4776783,2.520944118,18.78166389,5.131252766,12.05560398,15.45529461
"SCH06,",0.018346,8.443802834,2.024152994,0.740999997,0.12988174,281.874176,0.00588,12.36632347,32.38600159,8.210000038,0.119980998,0.048206002,30.4776783,2.520944118,18.78166389,5.131252766,12.05560398,15.45529461
"SCH07,",0.018346,8.443802834,2.024152994,0.740999997,0.12988174,281.874176,0.00588,12.36632347,32.38600159,8.210000038,0.119980998,0.048206002,30.4776783,2.520944118,18.78166389,5.131252766,12.05560398,15.45529461
"SCH08,",0.018346,8.443802834,2.024152994,0.740999997,0.12988174,281.874176,0.00588,12.36632347,32.38600159,8.210000038,0.119980998,0.048206002,30.4776783,2.520944118,18.78166389,5.131252766,12.05560398,15.45529461
"SCH10,",0.018346,8.443802834,2.024152994,0.740999997,0.12988174,281.874176,0.00588,12.36632347,32.38600159,8.210000038,0.119980998,0.048206002,30.4776783,2.520944118,18.78166389,5.131252766,12.05560398,15.45529461
"SCH11,",0.018346,8.443802834,2.024152994,0.740999997,0.12988174,281.874176,0.00588,12.36632347,32.38600159,8.210000038,0.119980998,0.048206002,30.4776783,2.520944118,18.78166389,5.131252766,12.05560398,15.45529461
SCNL01,0.000187,3.685408115,0.713844001,0.791000009,0.123041242,331.7945862,0.002323,1.433873057,29.94799995,8.17800045,0.354853988,0.009073,31.65843773,3.922113895,14.22371101,-0.535712004,5.868000984,17.17784691
SCNL02,0.000187,3.685408115,0.713844001,0.791000009,0.123041242,331.7945862,0.002323,1.433873057,29.94799995,8.17800045,0.354853988,0.009073,31.65843773,3.922113895,14.22371101,-0.535712004,5.868000984,17.17784691
WHMA01,0.006666,2.493338108,0.364542991,0.574999988,0.041399684,273.449585,0.00466,0.057514999,31.77300072,8.104000092,0.108713001,0.007493,31.35465431,5.936000824,21.18649292,3.179332018,12.29823589,20.76029968
WHMA03,0.006666,2.493338108,0.364542991,0.574999988,0.041399684,273.449585,0.00466,0.057514999,31.77300072,8.104000092,0.108713001,0.007493,31.35465431,5.936000824,21.18649292,3.179332018,12.29823589,20.76029968
WHMA04,0.006666,2.493338108,0.364542991,0.574999988,0.041399684,273.449585,0.00466,0.057514999,31.77300072,8.104000092,0.108713001,0.007493,31.35465431,5.936000824,21.18649292,3.179332018,12.29823589,20.76029968
WHMA05,0.006666,2.493338108,0.364542991,0.574999988,0.041399684,273.449585,0.00466,0.057514999,31.77300072,8.104000092,0.108713001,0.007493,31.35465431,5.936000824,21.18649292,3.179332018,12.29823589,20.76029968
WHMA10,0.006666,2.493338108,0.364542991,0.574999988,0.041399684,273.449585,0.00466,0.057514999,31.77300072,8.104000092,0.108713001,0.007493,31.35465431,5.936000824,21.18649292,3.179332018,12.29823589,20.76029968
WHMA11,0.006666,2.493338108,0.364542991,0.574999988,0.041399684,273.449585,0.00466,0.057514999,31.77300072,8.104000092,0.108713001,0.007493,31.35465431,5.936000824,21.18649292,3.179332018,12.29823589,20.76029968
WHMA12,0.006666,2.493338108,0.364542991,0.574999988,0.041399684,273.449585,0.00466,0.057514999,31.77300072,8.104000092,0.108713001,0.007493,31.35465431,5.936000824,21.18649292,3.179332018,12.29823589,20.76029968
WHMA13,0.006666,2.493338108,0.364542991,0.574999988,0.041399684,273.449585,0.00466,0.057514999,31.77300072,8.104000092,0.108713001,0.007493,31.35465431,5.936000824,21.18649292,3.179332018,12.29823589,20.76029968
WHMA14,0.006666,2.493338108,0.364542991,0.574999988,0.041399684,273.449585,0.00466,0.057514999,31.77300072,8.104000092,0.108713001,0.007493,31.35465431,5.936000824,21.18649292,3.179332018,12.29823589,20.76029968